<?xml version="1.0" encoding="UTF-8"?>
<!DOCTYPE suite SYSTEM "http://testng.org/testng-1.0.dtd">
<suite name="Suite">
  <test name="Test">
    <classes>
      <class name="apiAutomation.weatherupdate"/>
      <class name="apiAutomation.post_tweet"/>
      <class name="apiAutomation.username"/>
      <class name="apiAutomation.Twitter"/>
      <class name="apiAutomation.search_Tweet"/>
      <class name="apiAutomation.hashtag"/>
    </classes>
  </test> <!-- Test -->
</suite> <!-- Suite -->
